,x,y
A115,7.505,120.871
A116,8.082,111.966
A133,7.996,124.597
A141,8.818,122.77
A152,8.317,121.148
A173,8.965,123.417
A23,8.584,123.01
A247,7.955,120.285
A257,8.331,123.613
A38,7.42,127.489
A54,7.352,120.151
A77,8.199,123.7
C205,7.551,114.682
D101,8.814,121.273
D110,9.644,132.313
D129,7.413,116.22
D138,7.827,114.814
D161,8.326,117.527
D164,8.158,116.183
D174,8.559,122.055
D179,7.944,128.049
D189,7.355,121.886
D242,7.1,114.752
D32,8.283,118.304
D34,7.466,128.19
D41,7.682,128.898
D52,8.836,120.511
D71,8.361,117.065
D72,8.92,131.658
E106,8.21,118.928
E117,9.353,120.828
E186,8.115,116.327
E204,8.746,124.856
E213,8.84,121.551
E220,8.306,118.365
E233,8.333,121.285
E235,7.289,119.891
E237,8.205,123.35
E238,8.948,129.91
E26,9.322,117.686
E69,8.394,123.949
F130,7.461,119.604
F146,10.063,128.999
F175,7.927,125.255
F178,8.191,118.825
F225,7.05,118.684
F230,8.834,117.23
F259,6.59,117.936
F66,7.151,110.097
F70,8.525,118.957
F93,8.56,113.478
F95,9.105,117.304
G102,7.611,102.757
G104,8.195,106.196
G128,7.753,107.335
G131,8.002,103.854
G139,7.888,107.555
G144,9.878,114.213
G150,9.059,118.151
G170,8.807,116.785
G182,7.233,102.623
G195,9.362,110.503
G232,8.615,104.792
G234,9.023,114.047
G25,8.24,108.787
G6,8.052,109.804
G63,9.649,109.0
G8,8.281,110.888
G81,8.952,106.431
G82,7.012,108.695
G86,7.814,109.495
G98,8.035,108.015
H107,10.615,117.723
H119,9.032,125.236
H122,8.494,123.922
H94,8.133,112.925
H96,8.676,115.332
I145,9.073,124.259
I166,7.345,116.345
I209,8.689,127.064
I215,8.853,113.306
I255,8.856,124.347
I33,8.659,128.471
I59,8.982,122.042
I91,8.863,123.415
K111,9.805,109.776
K112,8.186,124.552
K113,7.91,122.055
K126,7.88,122.894
K132,7.678,119.768
K148,8.912,119.272
K153,8.653,123.888
K158,8.658,115.433
K167,7.335,117.448
K169,7.416,120.545
K171,7.736,120.189
K212,7.336,122.242
K224,6.843,115.041
K227,6.785,114.101
K24,7.153,114.827
K251,8.817,114.559
K256,8.718,126.555
K260,7.694,124.411
K39,8.08,122.733
K45,7.489,123.042
K76,7.882,124.058
K80,8.311,120.555
L100,7.268,118.996
L118,9.828,130.421
L120,8.965,123.759
L140,8.807,115.791
L143,8.414,128.148
L147,8.16,120.338
L156,7.482,116.731
L163,6.999,121.649
L183,7.177,117.235
L184,6.575,113.142
L188,8.59,125.624
L202,9.098,120.386
L203,5.926,110.884
L211,8.907,126.686
L223,7.953,120.878
L228,7.03,119.225
L239,8.689,125.974
L250,8.628,125.869
L44,6.95,123.061
L47,8.911,125.923
L57,8.851,117.529
L60,8.617,123.57
L79,8.933,123.435
L84,7.714,120.229
L90,8.461,124.342
M240,8.638,122.974
N124,8.96,119.738
N177,9.653,115.45
N229,8.848,118.431
N231,8.108,110.724
N243,8.323,119.216
N61,8.383,121.081
N62,7.958,123.159
N67,8.904,120.815
Q103,7.8,114.896
Q135,6.542,114.045
Q136,7.488,118.274
Q157,7.729,122.334
Q221,7.47,117.924
Q248,8.634,122.062
Q254,8.53,118.248
Q28,7.687,115.447
Q53,7.978,114.391
Q74,7.615,117.652
Q92,7.254,115.214
R181,8.355,118.394
R226,6.63,109.067
R245,10.318,126.855
R253,7.236,118.476
R27,8.786,120.619
R58,7.124,114.518
R89,8.523,122.71
S105,7.285,107.743
S151,8.282,124.488
S165,7.929,113.527
S172,8.287,113.784
S187,7.551,111.277
S196,8.625,119.943
S216,8.03,116.613
S218,8.309,116.134
S219,9.241,117.267
S258,8.9,116.435
S29,8.006,117.737
S43,8.423,115.215
S48,8.422,119.901
S50,8.311,122.801
S56,9.932,126.409
S73,8.78,115.819
S99,8.338,111.858
T108,7.3,109.29
T125,8.128,117.182
T168,6.521,98.601
T176,8.046,114.916
T192,9.625,115.114
T199,6.914,108.447
T207,8.393,124.907
T35,10.233,122.187
T37,7.59,108.754
T55,9.341,120.7
T87,8.437,116.667
V109,7.555,118.523
V121,9.154,126.481
V134,7.337,108.02
V142,7.154,124.076
V149,8.398,121.346
V159,6.963,113.107
V160,7.228,114.387
V162,7.069,113.862
V206,7.215,118.843
V210,9.67,128.452
V217,8.475,115.81
V222,7.304,114.701
V241,6.675,114.844
V31,6.231,106.983
V49,8.346,127.533
V68,8.576,121.877
V78,8.34,115.842
W123,9.008,119.29
W191,9.484,117.133
W208,8.196,129.353
W244,6.439,114.281
W97,9.458,119.127
Y114,8.113,121.344
Y127,7.546,115.482
Y190,8.677,118.829
Y193,7.986,125.543
Y40,8.644,126.777
Y51,8.944,124.586
Y88,8.395,125.986
