ResidueKey;x;y;order;assigned_to;est_shift;real_shift;pred_x;pred_y;target_x;target_y
G6;8.052;109.804;6;G6;0.08193900170248745;0.08193900170248745;8.127;109.969;8.127;109.969
G8;8.281;110.888;8;G8;0.004386342439894674;0.004386342439894674;8.278;110.872;8.278;110.872
A23;8.584;123.01;23;A23;0.010630145812733771;0.010630145812733771;8.577;123.05;8.577;123.05
K24;7.153;114.827;24;K24;0.10386163873153662;0.10386163873153662;7.245;115.068;7.245;115.068
G25;8.24;108.787;25;G25;0.040336583891052505;0.040336583891052505;8.28;108.813;8.28;108.813
E26;9.322;117.686;26;E26;0.0683593446428484;0.0683593446428484;9.329;118.026;9.329;118.026
R27;8.786;120.619;27;R27;0.12300585351925264;0.12300585351925264;8.663;120.613;8.663;120.613
Q28;7.687;115.447;28;Q28;0.03753664875824559;0.03753664875824559;7.712;115.587;7.712;115.587
S29;8.006;117.737;29;S29;0.2094450763326741;0.2094450763326741;8.154;118.478;8.154;118.478
V31;6.231;106.983;31;V31;0.07452677371253957;0.07452677371253957;6.289;106.749;6.289;106.749
D32;8.283;118.304;32;D32;0.027585503439309246;0.027585503439309246;8.291;118.172;8.291;118.172
I33;8.659;128.471;33;I33;0.04193757265269518;0.04193757265269518;8.699;128.408;8.699;128.408
D34;7.466;128.19;34;D34;0.020999047597452008;0.020999047597452008;7.446;128.222;7.446;128.222
T35;10.233;122.187;35;T35;0.036529987681355264;0.036529987681355264;10.269;122.218;10.269;122.218
T37;7.59;108.754;37;T37;0.06362672394520842;0.06362672394520842;7.623;109.026;7.623;109.026
A38;7.42;127.489;38;A38;0.06668163165370258;0.06668163165370258;7.476;127.308;7.476;127.308
K39;8.08;122.733;39;K39;0.09210776297359356;0.09210776297359356;8.168;122.869;8.168;122.869
Y40;8.644;126.777;40;Y40;0.009840731680113846;0.009840731680113846;8.65;126.816;8.65;126.816
D41;7.682;128.898;41;D41;0.041504698529201606;0.041504698529201606;7.661;128.719;7.661;128.719
S43;8.423;115.215;43;S43;0.05739999999999976;0.05739999999999976;8.479;115.278;8.479;115.278
L44;6.95;123.061;44;L44;0.039308523248780224;0.039308523248780224;6.98;123.188;6.98;123.188
K45;7.489;123.042;45;K45;0.02505114767829954;0.02505114767829954;7.472;122.95;7.472;122.95
L47;8.911;125.923;47;H119;0.0523625820600906;0.06617129286933963;8.88;125.712;8.904;125.594
S48;8.422;119.901;48;S48;0.04560219292972812;0.04560219292972812;8.436;119.684;8.436;119.684
V49;8.346;127.533;49;V49;0.029178073959739002;0.029178073959739002;8.33;127.411;8.33;127.411
S50;8.311;122.801;50;S50;0.07803101947302682;0.07803101947302682;8.369;122.54;8.369;122.54
Y51;8.944;124.586;51;Y51;0.0249046180456555;0.0249046180456555;8.961;124.495;8.961;124.495
D52;8.836;120.511;52;D52;0.05128898517225697;0.05128898517225697;8.802;120.703;8.802;120.703
Q53;7.978;114.391;53;Q53;0.09570663508869101;0.09570663508869101;8.071;114.278;8.071;114.278
A54;7.352;120.151;54;A54;0.047811714045827854;0.047811714045827854;7.383;120.333;7.383;120.333
T55;9.341;120.7;55;T55;0.07101380147548936;0.07101380147548936;9.406;120.843;9.406;120.843
S56;9.932;126.409;56;S56;0.02835559909435705;0.02835559909435705;9.945;126.535;9.945;126.535
L57;8.851;117.529;57;L57;0.08924438357678212;0.08924438357678212;8.92;117.812;8.92;117.812
R58;7.124;114.518;58;R58;0.06563200438810303;0.06563200438810303;7.184;114.651;7.184;114.651
I59;8.982;122.042;59;I59;0.05300037735714781;0.05300037735714781;8.999;122.293;8.999;122.293
L60;8.617;123.57;60;L60;0.11355104578998765;0.11355104578998765;8.712;123.881;8.712;123.881
N61;8.383;121.081;61;N61;0.06252807369494141;0.06252807369494141;8.379;121.393;8.379;121.393
N62;7.958;123.159;62;N62;0.044944410108489166;0.044944410108489166;7.996;123.039;7.996;123.039
G63;9.649;109.0;63;G63;0.066160108826998;0.066160108826998;9.676;108.698;9.676;108.698
F66;7.151;110.097;66;F66;0.037924134795669945;0.037924134795669945;7.181;110.213;7.181;110.213
N67;8.904;120.815;67;N67;0.05456189146281614;0.05456189146281614;8.945;120.995;8.945;120.995
V68;8.576;121.877;68;Q248;0.13544135262171522;0.12802015466323938;8.709;122.005;8.696;122.1
E69;8.394;123.949;69;E69;0.048542352641789785;0.048542352641789785;8.427;124.127;8.427;124.127
F70;8.525;118.957;70;F70;0.07433034373659222;0.07433034373659222;8.587;119.162;8.587;119.162
D71;8.361;117.065;71;D71;0.03350582038989604;0.03350582038989604;8.394;117.036;8.394;117.036
D72;8.92;131.658;72;D72;0.019461757371830007;0.019461757371830007;8.938;131.621;8.938;131.621
S73;8.78;115.819;73;L140;0.043600000000001415;0.15570806016388153;8.78;115.601;8.803;116.589
Q74;7.615;117.652;74;Q74;0.06126989472816176;0.06126989472816176;7.67;117.787;7.67;117.787
K76;7.882;124.058;76;K76;0.05344005988020862;0.05344005988020862;7.914;123.844;7.914;123.844
A77;8.199;123.7;77;A77;0.04571389285545512;0.04571389285545512;8.243;123.638;8.243;123.638
V78;8.34;115.842;78;S218;0.028454173683314158;0.04090672316380396;8.352;115.971;8.335;116.045
L79;8.933;123.435;79;I91;0.008009993757799387;0.02714479692316712;8.925;123.437;8.959;123.474
K80;8.311;120.555;80;K80;0.09356943945541198;0.09356943945541198;8.371;120.914;8.371;120.914
G81;8.952;106.431;81;G81;0.018027756377320597;0.018027756377320597;8.953;106.521;8.953;106.521
G82;7.012;108.695;82;G82;0.037748642359695425;0.037748642359695425;7.046;108.777;7.046;108.777
L84;7.714;120.229;84;L84;0.05197114584074403;0.05197114584074403;7.765;120.279;7.765;120.279
G86;7.814;109.495;86;G86;0.025768973592286606;0.025768973592286606;7.83;109.394;7.83;109.394
T87;8.437;116.667;87;T87;0.10726714315204218;0.10726714315204218;8.427;116.133;8.427;116.133
Y88;8.395;125.986;88;Y88;0.09444342221668967;0.09444342221668967;8.484;126.144;8.484;126.144
R89;8.523;122.71;89;R89;0.06812605962478588;0.06812605962478588;8.588;122.608;8.588;122.608
L90;8.461;124.342;90;L90;0.03953530068179894;0.03953530068179894;8.443;124.166;8.443;124.166
I91;8.863;123.415;91;A141;0.020624257562395627;0.06215593294288284;8.87;123.512;8.925;123.437
Q92;7.254;115.214;92;Q92;0.05685806890846778;0.05685806890846778;7.308;115.303;7.308;115.303
F93;8.56;113.478;93;F93;0.04303765792883949;0.04303765792883949;8.531;113.319;8.531;113.319
H94;8.133;112.925;94;H94;0.0790010126517383;0.0790010126517383;8.159;113.298;8.159;113.298
F95;9.105;117.304;95;F95;0.08867671622246734;0.08867671622246734;9.112;116.862;9.112;116.862
H96;8.676;115.332;96;H96;0.04925444142410192;0.04925444142410192;8.681;115.577;8.681;115.577
W97;9.458;119.127;97;W97;0.058232636897189924;0.058232636897189924;9.516;119.101;9.516;119.101
G98;8.035;108.015;98;G98;0.03999999999999951;0.03999999999999951;8.059;107.855;8.059;107.855
S99;8.338;111.858;99;S99;0.07552377109228452;0.07552377109228452;8.392;112.122;8.392;112.122
L100;7.268;118.996;100;L100;0.16484671667946593;0.16484671667946593;7.42;119.315;7.42;119.315
D101;8.814;121.273;101;D101;0.06430987482494617;0.06430987482494617;8.851;121.536;8.851;121.536
G102;7.611;102.757;102;G102;0.12964273986614078;0.12964273986614078;7.584;103.391;7.584;103.391
Q103;7.8;114.896;103;Q103;0.0068963758598264615;0.0068963758598264615;7.794;114.913;7.794;114.913
G104;8.195;106.196;104;G104;0.11699846152834774;0.11699846152834774;8.237;106.742;8.237;106.742
S105;7.285;107.743;105;S105;0.018000000000000682;0.018000000000000682;7.285;107.833;7.285;107.833
E106;8.21;118.928;106;F178;0.028617477177416105;0.12943477121700975;8.229;119.035;8.325;119.225
H107;10.615;117.723;107;H107;0.09695545368879617;0.09695545368879617;10.707;117.876;10.707;117.876
T108;7.3;109.29;108;T108;0.06420280367709999;0.06420280367709999;7.339;109.035;7.339;109.035
V109;7.555;118.523;109;V109;0.06610930343000207;0.06610930343000207;7.621;118.504;7.621;118.504
D110;9.644;132.313;110;D110;0.0467508288696587;0.0467508288696587;9.688;132.392;9.688;132.392
K111;9.805;109.776;111;K111;0.0559746371136077;0.0559746371136077;9.852;109.928;9.852;109.928
K112;8.186;124.552;112;K112;0.032557641192197624;0.032557641192197624;8.208;124.672;8.208;124.672
K113;7.91;122.055;113;K113;0.11617245800963119;0.11617245800963119;7.925;122.631;7.925;122.631
Y114;8.113;121.344;114;Y114;0.06074504094985711;0.06074504094985711;8.129;121.051;8.129;121.051
A115;7.505;120.871;115;A115;0.11613457710776831;0.11613457710776831;7.599;121.212;7.599;121.212
A116;8.082;111.966;116;A116;0.051264022471905465;0.051264022471905465;8.13;112.056;8.13;112.056
E117;9.353;120.828;117;E117;0.10566153510147157;0.10566153510147157;9.398;121.306;9.398;121.306
L118;9.828;130.421;118;L118;0.023194827009488328;0.023194827009488328;9.851;130.436;9.851;130.436
H119;9.032;125.236;119;L47;0.14666478786675433;0.1793517214860235;8.904;125.594;8.88;125.712
L120;8.965;123.759;120;L120;0.0660305989674511;0.0660305989674511;8.993;124.058;8.993;124.058
V121;9.154;126.481;121;V121;0.0821179639299473;0.0821179639299473;9.072;126.503;9.072;126.503
H122;8.494;123.922;122;H122;0.028304769916042992;0.028304769916042992;8.48;124.045;8.48;124.045
W123;9.008;119.29;123;W123;0.055072679252059546;0.055072679252059546;9.035;119.05;9.035;119.05
N124;8.96;119.738;124;N124;0.0821009135150148;0.0821009135150148;9.041;119.671;9.041;119.671
T125;8.128;117.182;125;T125;0.011180339887497994;0.011180339887497994;8.139;117.192;8.139;117.192
K126;7.88;122.894;126;K126;0.03232893440866918;0.03232893440866918;7.912;122.871;7.912;122.871
Y127;7.546;115.482;127;Y127;0.06414639506628557;0.06414639506628557;7.604;115.619;7.604;115.619
G128;7.753;107.335;128;G128;0.06161168720299603;0.06161168720299603;7.803;107.155;7.803;107.155
D129;7.413;116.22;129;D129;0.026076809620811606;0.026076809620811606;7.435;116.29;7.435;116.29
F130;7.461;119.604;130;F130;0.06288688257498508;0.06288688257498508;7.467;119.917;7.467;119.917
G131;8.002;103.854;131;G131;0.0389486841883007;0.0389486841883007;8.028;103.709;8.028;103.709
K132;7.678;119.768;132;K132;0.06124997959183398;0.06124997959183398;7.645;119.51;7.645;119.51
A133;7.996;124.597;133;A133;0.013544002362670874;0.013544002362670874;7.983;124.616;7.983;124.616
V134;7.337;108.02;134;V134;0.09228347631076989;0.09228347631076989;7.386;108.411;7.386;108.411
Q135;6.542;114.045;135;Q135;0.05208646657242483;0.05208646657242483;6.545;113.785;6.545;113.785
Q136;7.488;118.274;136;Q136;0.06638192525077762;0.06638192525077762;7.548;118.416;7.548;118.416
D138;7.827;114.814;138;D138;0.09188710464477673;0.09188710464477673;7.895;115.123;7.895;115.123
G139;7.888;107.555;139;G139;0.021110187114281236;0.021110187114281236;7.874;107.634;7.874;107.634
L140;8.807;115.791;140;S258;0.1631237567002413;0.046615448083227456;8.928;116.338;8.78;115.601
A141;8.818;122.77;141;A173;0.15278560141584174;0.15724681236832957;8.961;123.039;8.87;123.512
V142;7.154;124.076;142;V142;0.16628902549477326;0.16628902549477326;7.2;124.875;7.2;124.875
L143;8.414;128.148;143;L143;0.13978569311628253;0.13978569311628253;8.377;127.474;8.377;127.474
G144;9.878;114.213;144;G144;0.11882238846277676;0.11882238846277676;9.861;113.625;9.861;113.625
I145;9.073;124.259;145;I145;0.14698925130770513;0.14698925130770513;9.212;124.498;9.212;124.498
F146;10.063;128.999;146;F146;0.017492855684533213;0.017492855684533213;10.078;128.954;10.078;128.954
L147;8.16;120.338;147;L147;0.06002132954208762;0.06002132954208762;8.216;120.446;8.216;120.446
K148;8.912;119.272;148;K148;0.06289069883535922;0.06289069883535922;8.939;119.556;8.939;119.556
V149;8.398;121.346;149;V149;0.0300832179129818;0.0300832179129818;8.409;121.486;8.409;121.486
G150;9.059;118.151;150;G150;0.05060988045826506;0.05060988045826506;9.07;117.904;9.07;117.904
S151;8.282;124.488;151;S151;0.030662028634777683;0.030662028634777683;8.274;124.34;8.274;124.34
A152;8.317;121.148;152;E233;0.13714240773735994;0.10041991834293042;8.294;121.824;8.319;121.65
K153;8.653;123.888;153;K153;0.14080142044738053;0.14080142044738053;8.666;124.589;8.666;124.589
L156;7.482;116.731;156;L156;0.03000599940011902;0.03000599940011902;7.488;116.878;7.488;116.878
Q157;7.729;122.334;157;Q157;0.08915178068888999;0.08915178068888999;7.818;122.36;7.818;122.36
K158;8.658;115.433;158;K158;0.06724760218773503;0.06724760218773503;8.622;115.717;8.622;115.717
V159;6.963;113.107;159;V159;0.10073906888590933;0.10073906888590933;7.025;113.504;7.025;113.504
V160;7.228;114.387;160;V160;0.03840104165253814;0.03840104165253814;7.263;114.466;7.263;114.466
D161;8.326;117.527;161;D161;0.04250223523533795;0.04250223523533795;8.367;117.583;8.367;117.583
V162;7.069;113.862;162;V162;0.052221068545176726;0.052221068545176726;7.121;113.838;7.121;113.838
L163;6.999;121.649;163;L163;0.06914014752659989;0.06914014752659989;7.068;121.627;7.068;121.627
D164;8.158;116.183;164;D164;0.046872166581034796;0.046872166581034796;8.167;115.953;8.167;115.953
S165;7.929;113.527;165;S165;0.05323194529603305;0.05323194529603305;7.978;113.631;7.978;113.631
I166;7.345;116.345;166;I166;0.05853853431714923;0.05853853431714923;7.399;116.458;7.399;116.458
K167;7.335;117.448;167;K167;0.04362613895361365;0.04362613895361365;7.377;117.507;7.377;117.507
T168;6.521;98.601;168;T168;0.04338939962709901;0.04338939962709901;6.562;98.672;6.562;98.672
K169;7.416;120.545;169;K169;0.02778920653779329;0.02778920653779329;7.437;120.454;7.437;120.454
G170;8.807;116.785;170;S73;0.039403553139280165;0.19019526807993833;8.803;116.589;8.981;117.169
K171;7.736;120.189;171;K171;0.04438062640387235;0.04438062640387235;7.78;120.218;7.78;120.218
S172;8.287;113.784;172;S172;0.04573882377149753;0.04573882377149753;8.294;113.558;8.294;113.558
A173;8.965;123.417;173;L79;0.012882546332152078;0.0757057461491509;8.959;123.474;8.961;123.039
D174;8.559;122.055;174;D174;0.009759098319007056;0.009759098319007056;8.566;122.021;8.566;122.021
F175;7.927;125.255;175;F175;0.041857376888669896;0.041857376888669896;7.966;125.331;7.966;125.331
T176;8.046;114.916;176;T176;0.019104973174544765;0.019104973174544765;8.06;114.851;8.06;114.851
N177;9.653;115.45;177;N177;0.025775181861628797;0.025775181861628797;9.656;115.578;9.656;115.578
F178;8.191;118.825;178;N243;0.19248116791000594;0.05663920903402271;8.351;119.36;8.229;119.035
D179;7.944;128.049;179;D179;0.05592280393542348;0.05592280393542348;7.938;128.327;7.938;128.327
R181;8.355;118.394;181;R181;0.07224652240765365;0.07224652240765365;8.383;118.727;8.383;118.727
G182;7.233;102.623;182;G182;0.08348652585896743;0.08348652585896743;7.29;102.928;7.29;102.928
L183;7.177;117.235;183;L183;0.06666363326432298;0.06666363326432298;7.226;117.461;7.226;117.461
L184;6.575;113.142;184;L184;0.036575401569907344;0.036575401569907344;6.599;113.004;6.599;113.004
E186;8.115;116.327;186;E186;0.02808629559055494;0.02808629559055494;8.122;116.463;8.122;116.463
S187;7.551;111.277;187;S187;0.075523771092286;0.075523771092286;7.623;111.391;7.623;111.391
L188;8.59;125.624;188;L188;0.00651459898996091;0.00651459898996091;8.588;125.593;8.588;125.593
D189;7.355;121.886;189;D189;0.022529092303064747;0.022529092303064747;7.342;121.794;7.342;121.794
Y190;8.677;118.829;190;Y190;0.022135040094835707;0.022135040094835707;8.689;118.922;8.689;118.922
W191;9.484;117.133;191;W191;0.07993722537091184;0.07993722537091184;9.554;117.326;9.554;117.326
T192;9.625;115.114;192;T192;0.022200000000001073;0.022200000000001073;9.646;115.078;9.646;115.078
Y193;7.986;125.543;193;Y193;0.11652656349519576;0.11652656349519576;8.095;125.749;8.095;125.749
G195;9.362;110.503;195;G195;0.07317075918698727;0.07317075918698727;9.378;110.86;9.378;110.86
S196;8.625;119.943;196;S196;0.03700000000000028;0.03700000000000028;8.59;119.883;8.59;119.883
T199;6.914;108.447;199;T199;0.06385264285838206;0.06385264285838206;6.977;108.499;6.977;108.499
L202;9.098;120.386;202;L202;0.07870349420451456;0.07870349420451456;9.172;120.52;9.172;120.52
L203;5.926;110.884;203;L203;0.031339432030590156;0.031339432030590156;5.957;110.907;5.957;110.907
E204;8.746;124.856;204;E204;0.07540450914899144;0.07540450914899144;8.713;124.517;8.713;124.517
C205;7.551;114.682;205;C205;0.062459266726401674;0.062459266726401674;7.603;114.509;7.603;114.509
V206;7.215;118.843;206;V206;0.10046392387320274;0.10046392387320274;7.177;119.308;7.177;119.308
T207;8.393;124.907;207;T207;0.03220248437620915;0.03220248437620915;8.412;125.037;8.412;125.037
W208;8.196;129.353;208;W208;0.07589466384403667;0.07589466384403667;8.172;129.713;8.172;129.713
I209;8.689;127.064;209;I209;0.12592076873971259;0.12592076873971259;8.79;127.44;8.79;127.44
V210;9.67;128.452;210;V210;0.028132543432827284;0.028132543432827284;9.647;128.371;9.647;128.371
L211;8.907;126.686;211;L211;0.14400361106583243;0.14400361106583243;9.038;126.985;9.038;126.985
K212;7.336;122.242;212;K212;0.02022770377477509;0.02022770377477509;7.322;122.169;7.322;122.169
E213;8.84;121.551;213;E213;0.05738466694161186;0.05738466694161186;8.862;121.816;8.862;121.816
I215;8.853;113.306;215;I215;0.03819371676074639;0.03819371676074639;8.887;113.219;8.887;113.219
S216;8.03;116.613;216;S216;0.045551728836565115;0.045551728836565115;8.049;116.406;8.049;116.406
V217;8.475;115.81;217;V217;0.010031948963187272;0.010031948963187272;8.471;115.856;8.471;115.856
S218;8.309;116.134;218;V78;0.03150936368764248;0.05396072645915732;8.335;116.045;8.352;115.971
S219;9.241;117.267;219;S219;0.017531685600650396;0.017531685600650396;9.251;117.339;9.251;117.339
E220;8.306;118.365;220;E220;0.036817930414402004;0.036817930414402004;8.31;118.182;8.31;118.182
Q221;7.47;117.924;221;Q221;0.02478790027412564;0.02478790027412564;7.494;117.955;7.494;117.955
V222;7.304;114.701;222;V222;0.08163357152544298;0.08163357152544298;7.38;114.552;7.38;114.552
L223;7.953;120.878;223;A247;0.02700074073058071;0.04568851059073685;7.928;120.827;7.992;120.759
K224;6.843;115.041;224;K224;0.10400961494015731;0.10400961494015731;6.93;115.326;6.93;115.326
F225;7.05;118.684;225;F225;0.07240690574800278;0.07240690574800278;7.112;118.871;7.112;118.871
R226;6.63;109.067;226;R226;0.057005613758647024;0.057005613758647024;6.687;109.071;6.687;109.071
K227;6.785;114.101;227;K227;0.0729605372787237;0.0729605372787237;6.857;114.042;6.857;114.042
L228;7.03;119.225;228;L228;0.06542904553789633;0.06542904553789633;7.094;119.293;7.094;119.293
N229;8.848;118.431;229;N229;0.0268521879927856;0.0268521879927856;8.873;118.382;8.873;118.382
F230;8.834;117.23;230;F230;0.011377170122661217;0.011377170122661217;8.836;117.174;8.836;117.174
N231;8.108;110.724;231;N231;0.04217771923658146;0.04217771923658146;8.125;110.531;8.125;110.531
G232;8.615;104.792;232;G232;0.02366769950798135;0.02366769950798135;8.627;104.69;8.627;104.69
E233;8.333;121.285;233;A152;0.07433034373659629;0.11463786459979178;8.319;121.65;8.294;121.824
G234;9.023;114.047;234;G234;0.011981652640601498;0.011981652640601498;9.026;114.105;9.026;114.105
E235;7.289;119.891;235;E235;0.03964290604887517;0.03964290604887517;7.321;120.008;7.321;120.008
E237;8.205;123.35;237;E237;0.023468276459933844;0.023468276459933844;8.198;123.238;8.198;123.238
E238;8.948;129.91;238;E238;0.05011546667446975;0.05011546667446975;8.998;129.927;8.998;129.927
L239;8.689;125.974;239;L239;0.030269456552771835;0.030269456552771835;8.668;125.865;8.668;125.865
M240;8.638;122.974;240;M240;0.029000000000000282;0.029000000000000282;8.658;123.079;8.658;123.079
V241;6.675;114.844;241;V241;0.05083660098787309;0.05083660098787309;6.687;115.091;6.687;115.091
D242;7.1;114.752;242;D242;0.09286420192948518;0.09286420192948518;7.173;115.039;7.173;115.039
N243;8.323;119.216;243;E106;0.0026907248094134887;0.040167648674026814;8.325;119.225;8.351;119.36
W244;6.439;114.281;244;W244;0.027130057132268105;0.027130057132268105;6.428;114.157;6.428;114.157
R245;10.318;126.855;245;R245;0.2474688667287252;0.2474688667287252;10.556;127.194;10.556;127.194
A247;7.955;120.285;247;L223;0.10176463039779853;0.11171195101688952;7.992;120.759;7.928;120.827
Q248;8.634;122.062;248;V68;0.06246406967209169;0.07586145266207242;8.696;122.1;8.709;122.005
L250;8.628;125.869;250;L250;0.02919999999999945;0.02919999999999945;8.628;125.723;8.628;125.723
K251;8.817;114.559;251;K251;0.03166322788345898;0.03166322788345898;8.803;114.701;8.803;114.701
R253;7.236;118.476;253;R253;0.04702722615677067;0.04702722615677067;7.283;118.468;7.283;118.468
Q254;8.53;118.248;254;Q254;0.05980936381537613;0.05980936381537613;8.472;118.321;8.472;118.321
I255;8.856;124.347;255;I255;0.015231546211727306;0.015231546211727306;8.87;124.377;8.87;124.377
K256;8.718;126.555;256;K256;0.01208139064843165;0.01208139064843165;8.73;126.562;8.73;126.562
A257;8.331;123.613;257;A257;0.08149846624323807;0.08149846624323807;8.412;123.568;8.412;123.568
S258;8.9;116.435;258;G170;0.16766406889968885;0.034064057303851286;8.981;117.169;8.928;116.338
F259;6.59;117.936;259;F259;0.06282961085348086;0.06282961085348086;6.649;118.044;6.649;118.044
K260;7.694;124.411;260;K260;0.017459667808980964;0.017459667808980964;7.691;124.325;7.691;124.325
